silent.|1.18454584128e-05|0.0|0.0
four|9.48703754741e-05|0.0|0.0
sleep|4.72751254801e-05|0.0|0.0
hanging|9.50837918168e-05|0.0|0.0
oldest|-4.78086663367e-05|0.0|0.0
hate|-1.06708171332e-07|0.0|0.0
consider|-4.78086663367e-05|0.0|0.0
whose|-4.7915374508e-05|0.0|0.0
up,|-7.73634242158e-07|0.0|0.0
(for|-9.55106245021e-05|0.0|0.0
pardon,|-1.06708171332e-07|0.0|0.0
presents|4.74885418227e-05|0.0|0.0
list|2.36909168257e-05|0.0|0.0
under|-0.000216152726143|0.003861003861|-0.003861003861
worth|0.000142679041811|0.0|0.0
otherwise,|-1.06708171332e-07|0.0|0.0
rise|-8.35851349608e-05|-0.0454545454545|0.0454545454545
tears,|7.12861668197e-05|-0.1|0.1
every|-0.000335087497042|0.0366161616162|-0.0366161616162
school|0.000106982604315|-0.0384615384615|0.0384615384615
angry,|-1.06708171332e-07|0.0|0.0
solid|-1.06708171332e-07|0.0|0.0
Go|-5.3354085666e-08|0.0|0.0
me,|-0.0007873757572|-0.0649350649351|0.0649350649351
likely|0.000118881416814|-0.0714285714286|0.0714285714286
louder|-1.06708171332e-07|0.0|0.0
locked;|-1.06708171332e-07|0.0|0.0
even|-0.000943767650422|-0.0267673301304|0.0267673301304
hide|-1.06708171332e-07|0.0|0.0
ugly|-0.000143212582667|0.0|0.0
solemn|3.54830211529e-05|0.0454545454545|-0.0454545454545
(which|-0.000131287093126|-0.0333333333333|0.0333333333333
above|-3.6096593138e-05|-0.0333333333333|0.0333333333333
conduct|-4.78086663367e-05|0.0|0.0
new|-0.000346159321213|-0.0467479674797|0.0467479674797
ever|4.62613978524e-05|0.022962962963|-0.022962962963
glass;|-1.06708171332e-07|0.0|0.0
never|0.000116080327316|-0.0141083956518|0.0141083956518
here|1.0538283314e-05|0.00980392156863|-0.00980392156863
met|-5.99208951779e-05|0.0454545454545|-0.0454545454545
glass.|-5.3354085666e-08|0.0|0.0
glass,|-3.59898849667e-05|0.0454545454545|-0.0454545454545
cried.|1.181878137e-05|0.0|0.0
changed|4.70617091374e-05|-0.0416666666667|0.0416666666667
escape|-0.000143212582667|0.0|0.0
smoke|-1.06708171332e-07|0.0|0.0
listening,|4.74885418227e-05|0.0|0.0
ventured|7.12861668197e-05|0.0|0.0
figure|-0.000214765519916|0.0454545454545|-0.0454545454545
thought,|-0.000131660571726|-0.0383141762452|0.0383141762452
feelings|-1.06708171332e-07|0.0|0.0
Where|4.75418959084e-05|0.0|0.0
patience|-1.06708171332e-07|0.0|0.0
over,|-1.21122288412e-05|0.0714285714286|-0.0714285714286
drowned|-1.06708171332e-07|0.0|0.0
reply.|-7.16596454194e-05|0.0|0.0
spoke|1.1498656856e-05|-0.0333333333333|0.0333333333333
would|0.000554869152405|0.0335221361692|-0.0335221361692
call|-7.20064469762e-05|0.0511508951407|-0.0511508951407
violently|4.74885418227e-05|0.0|0.0
right,|4.73818336514e-05|0.0|0.0
tell|0.000594060282512|-0.069733479372|0.069733479372
breathe|-1.06708171332e-07|0.0|0.0
instance,|8.31849793183e-05|-0.0454545454545|0.0454545454545
said;|-4.78886974652e-05|-0.025974025974|0.025974025974
glass|-0.000191154634218|-0.0212201591512|0.0212201591512
excellent|-0.000107516145172|-0.0714285714286|0.0714285714286
hold|0.000142572333639|0.05|-0.05
off,|0.000296803386392|0.04|-0.04
me|-0.00106553018786|-0.0224489795918|0.0224489795918
room|-1.26457696978e-05|-0.0171957671958|0.0171957671958
books,|-1.06708171332e-07|0.0|0.0
work|0.000214071916802|-0.0909090909091|0.0909090909091
arm,|0.000166476666808|-0.0555555555556|0.0555555555556
laughter.|-5.3354085666e-08|0.0|0.0
my|-0.00855583137858|0.0452965155672|-0.0452965155672
shook|0.00024960829204|-0.0838709677419|0.0838709677419
give|8.25980843759e-05|-0.0536130536131|0.0536130536131
mouth;|-1.06708171332e-07|0.0|0.0
want|-4.84222383219e-05|0.00238948626045|-0.00238948626045
end|-7.23265714902e-05|0.00295566502463|-0.00295566502463
turn|-2.44111969822e-05|-0.00207039337474|0.00207039337474
complaining|-1.06708171332e-07|0.0|0.0
said,|0.000570129272301|0.0324357405141|-0.0324357405141
how|0.000926853553871|0.0146382978723|-0.0146382978723
hot|0.000142679041811|0.0|0.0
youth,|7.12861668197e-05|-0.1|0.1
answer|0.000214071916802|0.0|0.0
A|-0.000203426925317|0.245080500894|-0.245080500894
poker|-4.78086663367e-05|0.0|0.0
laugh;|-1.06708171332e-07|0.0|0.0
wood,|-1.06708171332e-07|0.0|0.0
after|0.000700269252585|-0.0174545454545|0.0174545454545
wrong|-4.7915374508e-05|0.0|0.0
asked|-0.0001081563942|-0.0338709677419|0.0338709677419
lay|-0.000525121695462|-0.0248587570621|0.0248587570621
mean,|-1.06708171332e-07|0.0|0.0
All|-2.40643954254e-05|0.05|-0.05
attempt|-1.06708171332e-07|0.0|0.0
impatient|-4.78086663367e-05|0.0|0.0
grant|-0.000131287093126|-0.0333333333333|0.0333333333333
green|9.50837918168e-05|0.0|0.0
order|-1.2138905884e-05|-0.0555555555556|0.0555555555556
sprawling|-1.06708171332e-07|0.0|0.0
over|0.000677031845488|-0.0483660130719|0.0483660130719
down,|0.000332766594316|0.0682170542636|-0.0682170542636
"Who|-2.3957687254e-05|0.166666666667|-0.166666666667
before|-0.00082461946318|0.0198653198653|-0.0198653198653
His|-2.3957687254e-05|0.5|-0.5
then,|-0.000382202560265|-0.026936026936|0.026936026936
writing|9.49770836454e-05|0.0|0.0
better|0.000118161136657|0.00393391030684|-0.00393391030684
glanced|-1.06708171332e-07|0.0|0.0
pass|-9.55106245021e-05|0.0|0.0
then|0.000699388910172|0.0276818821123|-0.0276818821123
them|0.00131908753364|-0.0569239189929|0.0569239189929
safe|4.74885418227e-05|0.0|0.0
break|-0.000131287093126|-0.0333333333333|0.0333333333333
they|0.00234035795325|0.0137675573827|-0.0137675573827
loud,|4.74885418227e-05|0.0|0.0
one|0.000208016228079|0.000156470035988|-0.000156470035988
each|3.50561884675e-05|-0.0185185185185|0.0185185185185
went|0.00191448166829|0.00724637681159|-0.00724637681159
side|-7.25133107901e-05|-0.0436507936508|0.0436507936508
lifted|-0.000131287093126|-0.0333333333333|0.0333333333333
series|-2.3957687254e-05|0.0|0.0
told|-0.000131767279897|0.0|0.0
carry|-3.58831767954e-05|0.0714285714286|-0.0714285714286
denied|-8.35851349608e-05|-0.0454545454545|0.0454545454545
fellows|-1.06708171332e-07|0.0|0.0
day,|-0.000262787602595|0.0263157894737|-0.0263157894737
is,|0.000535126437919|0.00877192982456|-0.00877192982456
got|0.00132002123014|-0.0393114080164|0.0393114080164
two.|-5.3354085666e-08|0.0|0.0
stamping|-2.13416342664e-07|0.0|0.0
turning|0.00039255410428|0.0945945945946|-0.0945945945946
free|-2.13416342664e-07|0.0|0.0
went,|3.55897293242e-05|-0.0714285714286|0.0714285714286
wanted|0.000130780229312|-0.0333333333333|0.0333333333333
go,|0.000130780229312|0.0333333333333|-0.0333333333333
days|-0.000286425165335|0.0|0.0
tied|-1.06708171332e-07|0.0|0.0
(as|-8.36918431321e-05|-0.0333333333333|0.0333333333333
enjoy|-1.06708171332e-07|0.0|0.0
too,|-0.000286318457164|0.0|0.0
another|8.15576797054e-05|-0.00470085470085|0.00470085470085
thick|-1.06708171332e-07|0.0|0.0
shoulders.|-5.3354085666e-08|0.0|0.0
awfully|-1.06708171332e-07|0.0|0.0
top|0.000106822542058|0.0736842105263|-0.0736842105263
her,|0.000642322458577|-0.0322580645161|0.0322580645161
master|-0.000214872228087|0.0384615384615|-0.0384615384615
too|0.00028421097078|-0.0298039215686|0.0298039215686
legs|9.50837918168e-05|0.0|0.0
listen|0.000106982604315|0.0384615384615|-0.0384615384615
floor,|3.55897293242e-05|-0.0714285714286|0.0714285714286
took|0.000284157616694|0.086743445234|-0.086743445234
was,|0.000213378313688|0.0333333333333|-0.0333333333333
was!|-5.3354085666e-08|0.0|0.0
begins|0.000118881416814|0.0714285714286|-0.0714285714286
air,|0.000118774708642|-0.0555555555556|0.0555555555556
second|-0.000262734248509|0.0119047619048|-0.0119047619048
hearth|-3.58831767954e-05|0.0714285714286|-0.0714285714286
matter|0.000202013042046|-0.0555555555556|0.0555555555556
exclaimed|0.000130780229312|0.0333333333333|-0.0333333333333
flame|-1.06708171332e-07|0.0|0.0
to,|9.50837918168e-05|0.0|0.0
feeling|0.000178295448178|-0.025974025974|0.025974025974
ran|0.000201532855275|-0.0555555555556|0.0555555555556
mind|-0.000298564071219|0.0365853658537|-0.0365853658537
mine|9.50837918168e-05|0.0|0.0
talking|0.000475845791769|0.0|0.0
well.|2.37442709114e-05|0.0|0.0
manner|-0.000226691009457|-0.0217391304348|0.0217391304348
seen|-0.000156125122794|0.0307136404697|-0.0307136404697
seem|7.09660423057e-05|0.136363636364|-0.136363636364
Then|0.000178268771135|0.260869565217|-0.260869565217
do.|-1.06708171332e-07|0.0|0.0
mostly|-4.78086663367e-05|0.0|0.0
thoroughly|-4.7915374508e-05|0.0|0.0
doors|-2.40643954254e-05|0.0|0.0
nobody|-3.20124513996e-07|0.0|0.0
though|-0.000298724133476|0.0773694390716|-0.0773694390716
mouth|0.000237869541799|-0.0416666666667|0.0416666666667
long,|-4.78086663367e-05|0.0|0.0
see,|0.000177975323664|-0.0325077399381|0.0325077399381
grave|-2.93447471163e-07|-0.0909090909091|0.0909090909091
door,|-0.000179575946234|-0.0262664165103|0.0262664165103
alarm|-1.06708171332e-07|0.0|0.0
door.|-4.78086663367e-05|0.0|0.0
door;|-7.16596454194e-05|0.0|0.0
decidedly|-1.06708171332e-07|0.0|0.0
saying|0.00039255410428|0.0675675675676|-0.0675675675676
terror.|-2.39043331684e-05|0.0|0.0
queer|0.000368756479283|-0.0142857142857|0.0142857142857
earth|-1.06708171332e-07|0.0|0.0
spite|-4.78086663367e-05|0.0|0.0
eye,|-9.55106245021e-05|0.0|0.0
explain|0.000261667166796|0.0|0.0
THAT|0.0002259707293|0.0217391304348|-0.0217391304348
rich|-9.55106245021e-05|0.0|0.0
do|0.00050876781681|-0.00202354672553|0.00202354672553
air|-0.000191021249004|0.0|0.0
watch|0.000142572333639|0.0|0.0
altogether|-1.06708171332e-07|0.0|0.0
learned|-7.16596454194e-05|-0.1|0.1
nicely|4.74885418227e-05|0.0|0.0
licking|-1.06708171332e-07|0.0|0.0
twice|-1.06708171332e-07|0.0|0.0
bad|-9.55106245021e-05|0.0|0.0
them.|-1.20055206698e-05|0.0|0.0
blew|2.36909168257e-05|0.0|0.0
fair|-9.55106245021e-05|0.0|0.0
decided|8.31849793183e-05|-0.0454545454545|0.0454545454545
best|0.000142492302511|-0.0197628458498|0.0197628458498
subject|-8.36651660893e-05|0.142857142857|-0.142857142857
said|0.0100105035634|0.0205280228009|-0.0205280228009
stairs.|-5.3354085666e-08|0.0|0.0
away|0.000236989199385|-0.0142247510669|0.0142247510669
there's|0.000392233979766|0.0510204081633|-0.0510204081633
finger|8.31849793183e-05|-0.0454545454545|0.0454545454545
sorts|5.93873543212e-05|0.0555555555556|-0.0555555555556
we|-0.000955533077706|-0.0220588235294|0.0220588235294
terms|-8.35851349608e-05|0.0454545454545|-0.0454545454545
weak|4.74885418227e-05|0.0|0.0
drew|-0.000334447248014|-0.0208333333333|0.0208333333333
kitchen|1.17120731987e-05|0.0714285714286|-0.0714285714286
pity|-4.78086663367e-05|0.0|0.0
hours|-7.18730617621e-05|-0.0555555555556|0.0555555555556
accident|-1.06708171332e-07|0.0|0.0
country|-1.06708171332e-07|0.0|0.0
fifth|-1.06708171332e-07|0.0|0.0
adventures|4.74885418227e-05|0.0|0.0
against|-1.28325089977e-05|-0.0420168067227|0.0420168067227
doubt,|-4.7915374508e-05|0.0|0.0
Though|-1.06708171332e-07|0.5|-0.5
speak|2.31040218834e-05|-0.0357142857143|0.0357142857143
now,|1.12852405134e-05|0.0217391304348|-0.0217391304348
three|0.000606252542482|-0.0205479452055|0.0205479452055
been|-0.00121938776201|0.0313751668892|-0.0313751668892
threw|-2.13416342664e-07|0.0|0.0
dry|0.000178162062964|-0.0185185185185|0.0185185185185
life|-0.000799221215613|-0.00666666666667|0.00666666666667
child|-0.000155351488551|0.06|-0.06
save|-0.000178989051292|0.0263157894737|-0.0263157894737
ask:|-1.06708171332e-07|0.0|0.0
near|8.23313139476e-05|0.0813953488372|-0.0813953488372
neat|-1.06708171332e-07|0.0|0.0
voice|0.000523147594292|0.0248587570621|-0.0248587570621
over.|1.18454584128e-05|0.0|0.0
thought.|-1.20055206698e-05|0.0|0.0
played|-1.06708171332e-07|0.0|0.0
is|-0.00192571270332|0.0340186915888|-0.0340186915888
it|0.00458653998554|-0.0372677895549|0.0372677895549
thought;|-3.58831767954e-05|0.0714285714286|-0.0714285714286
in|-0.00248367468991|-0.0135304211777|0.0135304211777
said.|-2.40377183825e-05|0.0|0.0
if|0.000316626132007|0.0227311717276|-0.0227311717276
grown|8.28115007186e-05|-0.00444444444444|0.00444444444444
alarm.|-5.3354085666e-08|0.0|0.0
things|0.000606305896567|-0.0211267605634|0.0211267605634
make|0.000176774856736|0.0219541139241|-0.0219541139241
"I|-0.00180141584681|0.110454545455|-0.110454545455
forehead|4.74885418227e-05|0.0|0.0
manner,|-1.06708171332e-07|0.0|0.0
unfortunate|9.50837918168e-05|0.0|0.0
several|-0.000143532707181|0.0|0.0
hand|-0.000585362715154|0.0287356321839|-0.0287356321839
delight|-1.06708171332e-07|0.0|0.0
alas!|-1.20055206698e-05|0.0|0.0
kept|0.000213378313688|0.0333333333333|-0.0333333333333
matters|4.74885418227e-05|0.0|0.0
settled|7.12861668197e-05|0.1|-0.1
thing,|0.00010692925023|0.0333333333333|-0.0333333333333
the|-0.00337639979204|0.0244973399527|-0.0244973399527
left|-7.27534041756e-05|0.040522875817|-0.040522875817
just|0.00118884084518|0.0308061243313|-0.0308061243313
break.|-2.39043331684e-05|0.0|0.0
yet|-0.000823418996252|0.0428571428571|-0.0428571428571
unable|-1.06708171332e-07|0.0|0.0
had|-0.00239848978377|-0.0139215218896|0.0139215218896
easy|-9.55906556306e-05|0.0380952380952|-0.0380952380952
has|-0.00090697745417|-0.01|0.01
foot,|-4.7915374508e-05|0.0|0.0
gave|1.0698345571e-05|0.0106280193237|-0.0106280193237
shoulder|2.35842086544e-05|0.0|0.0
brought|-0.000346159321213|0.0121951219512|-0.0121951219512
officer|-1.06708171332e-07|0.0|0.0
night|-0.000620232164321|0.0357142857143|-0.0357142857143
hung|-8.35851349608e-05|-0.0454545454545|0.0454545454545
moral|-4.8075436765e-05|0.0555555555556|-0.0555555555556
Now,|-5.3354085666e-08|0.0|0.0
right|0.000666146760617|0.015873015873|-0.015873015873
old|-0.000573703996041|-0.0208333333333|0.0208333333333
deal|0.000154151021624|-0.0757575757576|0.0757575757576
people|0.000416351729277|-0.0128205128205|0.0128205128205
somehow|-4.78086663367e-05|0.0|0.0
dead|-0.00017925582172|0.051724137931|-0.051724137931
dear|8.28915318471e-05|-0.0787878787879|0.0787878787879
bore|-0.000298243946705|0.0172413793103|-0.0172413793103
friend|-0.000405680060748|0.047619047619|-0.047619047619
thoughts|-4.7915374508e-05|0.0|0.0
for|-0.00162071861339|-0.00213541762339|0.0021354176234
bottom|4.74351877371e-05|0.0|0.0
ear|4.74885418227e-05|0.0|0.0
opposite|-1.06708171332e-07|0.0|0.0
dressed,|-4.78086663367e-05|0.0|0.0
Let|4.74885418227e-05|0.0|0.0
He|-0.000430358028159|0.225641025641|-0.225641025641
silent,|-1.21122288412e-05|0.0714285714286|-0.0714285714286
knew|-2.49447378388e-05|0.022688598979|-0.022688598979
lamps|-4.78086663367e-05|0.0|0.0
losing|-1.06708171332e-07|0.0|0.0
wept|-4.78086663367e-05|0.0|0.0
best,|4.74885418227e-05|0.0|0.0
table.|3.56430834099e-05|0.0|0.0
for,|3.55897293242e-05|0.0714285714286|-0.0714285714286
low,|0.000202173104303|-0.0714285714286|0.0714285714286
delighted|2.36909168257e-05|0.0|0.0
down|0.00181819740955|0.0275862068966|-0.0275862068966
(when|-1.06708171332e-07|0.0|0.0
balanced|-1.06708171332e-07|0.0|0.0
frightened|0.000261667166796|-0.0384615384615|0.0384615384615
crowd|0.000142679041811|0.0|0.0
why.|-5.3354085666e-08|0.0|0.0
way|0.000569382315102|-0.00877192982456|0.00877192982456
obliged|5.93873543212e-05|0.0555555555556|-0.0555555555556
was|-0.0052711980597|0.00521864390024|-0.00521864390024
head|0.00078454799066|-0.02722323049|0.02722323049
only|0.000520639952266|0.0406547940277|-0.0406547940277
something|-0.000466507975383|0.023174733388|-0.023174733388
hear|0.000261106948896|0.0493617021277|-0.0493617021277
hands,|-4.00155642495e-07|0.0|0.0
hall,|3.52696048102e-05|0.0263157894737|-0.0263157894737
cook,|3.55897293242e-05|-0.0714285714286|0.0714285714286
until|-0.000107729561515|-0.00833333333333|0.00833333333333
unusually|-1.06708171332e-07|0.0|0.0
more|-0.00119599029266|0.0123895602722|-0.0123895602722
temper|-4.78086663367e-05|0.0|0.0
proved|4.74885418227e-05|0.0|0.0
sticks|-1.06708171332e-07|0.0|0.0
screaming|-4.78086663367e-05|0.0|0.0
chanced|-0.000131287093126|-0.0333333333333|0.0333333333333
besides,|-4.78086663367e-05|0.0|0.0
muscular|-1.06708171332e-07|0.0|0.0
curious|0.000606732729253|-0.0636363636364|0.0636363636364
Only|-1.06708171332e-07|0.5|-0.5
no|-7.69683769432e-05|0.00414830178896|-0.00414830178896
sugar|-1.06708171332e-07|0.0|0.0
generally|0.000178375479306|0.0263157894737|-0.0263157894737
handed|-1.22189370125e-05|-0.0454545454545|0.0454545454545
setting|-1.06708171332e-07|0.0|0.0
murder|-0.000202840030374|0.0238095238095|-0.0238095238095
welcome|-1.06708171332e-07|0.0|0.0
fell|-0.000251022175311|-0.0570824524313|0.0570824524313
not.|1.18454584128e-05|0.0|0.0
moved|4.72751254801e-05|0.0|0.0
together|-0.000143319290839|0.0|0.0
time|0.000831182867112|0.0045584045584|-0.0045584045584
'I|0.00372414157273|0.00267857142857|-0.00267857142857
managed|8.31849793183e-05|0.0454545454545|-0.0454545454545
remarkable|4.74885418227e-05|0.0|0.0
keep|0.000189980844334|0.0172043010753|-0.0172043010753
certainly|0.000249661646126|-0.0172413793103|0.0172413793103
answered|1.16053650273e-05|0.0454545454545|-0.0454545454545
word,|-2.13416342664e-07|0.0|0.0
must|-0.000110370588755|0.056054771074|-0.056054771074
brown|-1.06708171332e-07|0.0|0.0
one,|0.000178268771135|0.0217391304348|-0.0217391304348
keeping|4.74885418227e-05|0.0|0.0
stays|-1.06708171332e-07|0.0|0.0
word|0.000178162062964|-0.0185185185185|0.0185185185185
trouble|0.000142679041811|0.0|0.0
minute|0.000404452916778|0.0|0.0
cool|1.17120731987e-05|-0.0714285714286|0.0714285714286
sighed|0.000106875896144|0.0294117647059|-0.0294117647059
best.|-2.39043331684e-05|0.0|0.0
Just|0.000166530020894|0.5|-0.5
presented|-1.06708171332e-07|0.0|0.0
did|0.000771528742362|-0.00517812758906|0.00517812758906
settle|-1.06708171332e-07|0.0|0.0
quick|-1.06708171332e-07|0.0|0.0
"You|-0.000393701217121|-0.025641025641|0.025641025641
round|0.000951398136067|-0.00106326422116|0.00106326422116
appear,|-1.06708171332e-07|0.0|0.0
says|9.49770836454e-05|0.0|0.0
Why,|0.000130833583398|0.153846153846|-0.153846153846
cost|-1.06708171332e-07|0.0|0.0
hoarse|4.74885418227e-05|0.0|0.0
irritated|-1.06708171332e-07|0.0|0.0
appear|-1.06708171332e-07|0.0|0.0
pleased|0.000118774708642|0.0|0.0
goes|0.000190060875462|0.0|0.0
falling|4.74885418227e-05|0.0|0.0
ground|-1.21122288412e-05|-0.0714285714286|0.0714285714286
filled|-8.37718742606e-05|0.0454545454545|-0.0454545454545
afterwards,|-1.06708171332e-07|0.0|0.0
sorry|-1.06708171332e-07|0.0|0.0
alone|-0.000262574186252|-0.0333333333333|0.0333333333333
along|-0.00016743704035|-0.00694444444444|0.00694444444444
say,|-3.63100094807e-05|0.0217391304348|-0.0217391304348
change|-0.000108049686029|-0.0185185185185|0.0185185185185
box|9.50837918168e-05|0.0|0.0
lazy|-1.06708171332e-07|0.0|0.0
here,|8.28648548043e-05|-0.0217391304348|0.0217391304348
usually|4.74885418227e-05|0.0|0.0
father,|-1.06708171332e-07|0.0|0.0
myself,|-0.000357871394412|-0.0294117647059|0.0294117647059
merely|3.55897293242e-05|0.0714285714286|-0.0714285714286
follow,|-4.78086663367e-05|0.0|0.0
When|0.000142652364768|0.352941176471|-0.352941176471
marked|-1.24323533552e-05|0.0263157894737|-0.0263157894737
swallowed|-1.06708171332e-07|0.0|0.0
wood|3.55897293242e-05|-0.0714285714286|0.0714285714286
share|-4.78086663367e-05|0.0|0.0
nearer,|-1.06708171332e-07|0.0|0.0
already|-0.000465200800284|0.0581395348837|-0.0581395348837
and,|0.000522934177949|0.0454250486697|-0.0454250486697
pretend|-1.06708171332e-07|0.0|0.0
wrong,|4.74885418227e-05|0.0|0.0
can|-1.43264233963e-05|-0.0172161172161|0.0172161172161
growing|0.000142465625468|0.0|0.0
making|0.000237762833628|0.0|0.0
hours,|-4.78086663367e-05|0.0|0.0
heart|-0.000167170269922|0.0454545454545|-0.0454545454545
paused|-7.16596454194e-05|0.0|0.0
heard|0.000593980251384|0.0277777777778|-0.0277777777778
stole|-1.06708171332e-07|0.0|0.0
pink|-1.06708171332e-07|0.0|0.0
winter|-4.78086663367e-05|0.0|0.0
write|0.000118774708642|-0.0555555555556|0.0555555555556
till|0.000487237740454|0.0563858695652|-0.0563858695652
unjust|-1.06708171332e-07|0.0|0.0
stood|-0.00037033042481|-0.0325757575758|0.0325757575758
may|-0.000382682747036|-0.0111111111111|0.0111111111111
dive|-1.06708171332e-07|0.0|0.0
mad|0.000142572333639|0.0|0.0
such|0.000771928898005|0.0441263282172|-0.0441263282172
man|-0.00192011052433|0.0515151515152|-0.0515151515152
natural|-9.56973638019e-05|-0.0717703349282|0.0717703349282
flying|-4.78086663367e-05|0.0|0.0
tale|-4.78086663367e-05|0.0|0.0
so|0.00136217436339|0.0417619000298|-0.0417619000298
silence|-3.20124513996e-07|0.0|0.0
pulled|-1.06708171332e-07|0.0|0.0
talk|0.000344958854286|0.0151515151515|-0.0151515151515
recognised|-0.000119361603585|0.0|0.0
seeing|-4.78086663367e-05|0.0|0.0
indeed|-0.000250755404882|0.0151515151515|-0.0151515151515
pointed|-1.06708171332e-07|0.0|0.0
course|0.000154177698667|-0.0361842105263|0.0361842105263
shake|-8.35851349608e-05|0.0454545454545|-0.0454545454545
still|-0.000776330610072|0.0731859883236|-0.0731859883236
thank|-0.00016706356175|0.0|0.0
interesting|9.50837918168e-05|0.0|0.0
distance|-1.06708171332e-07|0.0|0.0
corner,|-2.13416342664e-07|0.0|0.0
sooner|1.17120731987e-05|0.0714285714286|-0.0714285714286
bound|-0.000178989051292|-0.0263157894737|0.0263157894737
She|0.000951851645795|0.365853658537|-0.365853658537
half|0.000701603104727|0.0333333333333|-0.0333333333333
not|-0.000377826673846|-0.0130366900859|0.0130366900859
now|-0.000884593712443|0.0361545462067|-0.0361545462067
nor|-0.000191021249004|0.0|0.0
"Let|2.37442709114e-05|0.5|-0.5
name|-0.000453888882728|-0.0324786324786|0.0324786324786
drop|-1.06708171332e-07|0.0|0.0
wrote|8.31849793183e-05|0.0454545454545|-0.0454545454545
creature|-0.000310276144418|0.0294117647059|-0.0294117647059
overhead;|-1.06708171332e-07|0.0|0.0
hurried|0.000452048166772|0.0|0.0
begun|0.000106795865015|-0.0454545454545|0.0454545454545
happen|0.000154577854309|0.0294117647059|-0.0294117647059
small,|-1.06708171332e-07|0.0|0.0
living|-1.06708171332e-07|0.0|0.0
opened|8.25980843759e-05|-0.02331002331|0.02331002331
could,|0.000142572333639|-0.05|0.05
looking|0.000689144074329|0.0128022759602|-0.0128022759602
nothing,|4.74885418227e-05|0.0|0.0
fire,|-9.56706867591e-05|-0.0444444444444|0.0444444444444
quite|0.00158131491833|0.0239251882439|-0.0239251882439
bringing|9.50837918168e-05|0.0|0.0
One|-5.3354085666e-08|0.0|0.0
care|4.73018025229e-05|-0.0121212121212|0.0121212121212
reasonable|-1.06708171332e-07|0.0|0.0
honest|-4.78086663367e-05|0.0|0.0
thing|0.000796046647516|-0.0225225225225|0.0225225225225
place|-0.000215219029644|-0.03663003663|0.03663003663
invitation|3.55897293242e-05|-0.0714285714286|0.0714285714286
think|0.000498016117153|0.0337886412653|-0.0337886412653
first|0.000283784138094|0.0255863539446|-0.0255863539446
Even|-7.16062913337e-05|0.0|0.0
eye;|-9.55906556306e-05|-0.0380952380952|0.0380952380952
There|8.25980843759e-05|0.165501165501|-0.165501165501
but,|0.000178268771135|0.0217391304348|-0.0217391304348
merrily|-1.06708171332e-07|0.0|0.0
impossible|3.55897293242e-05|0.0714285714286|-0.0714285714286
sounds|-0.000119575019927|0.0|0.0
open|-0.000119841790356|-0.0142045454545|0.0142045454545
friend.|-2.39043331684e-05|0.0|0.0
received|-0.000298243946705|-0.0172413793103|0.0172413793103
little|0.00342509731474|-0.0431432973806|0.0431432973806
silent|2.35842086544e-05|0.0|0.0
caught|-1.22189370125e-05|0.0454545454545|-0.0454545454545
trampled|-1.06708171332e-07|0.0|0.0
white|-4.82088219792e-05|0.0572082379863|-0.0572082379863
eyes|0.000391860501166|-0.00634920634921|0.00634920634921
on,|0.000963590396037|-0.0955056179775|0.0955056179775
that|-0.00428722555154|-0.00440141992501|0.00440141992501
spoke,|2.34508234402e-05|0.0820512820513|-0.0820512820513
much,|4.74885418227e-05|0.0|0.0
on;|-1.06708171332e-07|0.0|0.0
left,|-4.78086663367e-05|0.0|0.0
than|-0.000622232942534|9.66276934969e-05|-9.66276934969e-05
sight.|-5.3354085666e-08|0.0|0.0
venture|-1.21655829268e-05|0.0555555555556|-0.0555555555556
were|-4.31126554031e-05|-0.0273119686069|0.0273119686069
directed|4.74885418227e-05|0.0|0.0
earth.|1.18454584128e-05|0.0|0.0
and|-0.00914759317844|-0.0039218035008|0.0039218035008
addressing|-1.06708171332e-07|0.0|0.0
remained|-3.6096593138e-05|-0.0333333333333|0.0333333333333
might,|-1.06708171332e-07|0.0|0.0
turned|0.000177335074636|-0.0288692862871|0.0288692862871
round,|0.000273565979294|0.0185185185185|-0.0185185185185
say|0.000652860741891|-0.0535236396075|0.0535236396075
anger|-1.06708171332e-07|0.0|0.0
themselves|-9.56173326734e-05|0.0|0.0
saw|-0.000263534559794|0.0151515151515|-0.0151515151515
any|0.000342531243388|0.0101867572156|-0.0101867572156
sat|-0.000132620945268|0.0447293447293|-0.0447293447293
Do|8.32116563611e-05|0.2|-0.2
Will|1.17921043272e-05|0.0|0.0
wandered|3.55897293242e-05|0.0714285714286|-0.0714285714286
what?|-5.3354085666e-08|0.0|0.0
take|0.000153270679211|0.0283018867925|-0.0283018867925
bad,|-1.06708171332e-07|0.0|0.0
closer|-3.58831767954e-05|-0.0714285714286|0.0714285714286
begin|0.000190220937719|-0.0909090909091|0.0909090909091
sure|0.000225143740973|-0.0142857142857|0.0142857142857
voice;|-4.78886974652e-05|0.116883116883|-0.116883116883
neatly|-2.13416342664e-07|0.0|0.0
so,|2.31840530119e-05|0.0417391304348|-0.0417391304348
voice,|0.000415924896591|-0.0272727272727|0.0272727272727
voice.|0.000190274291805|0.0|0.0
pair|2.3477500483e-05|0.0714285714286|-0.0714285714286
knee|-1.06708171332e-07|0.0|0.0
"With|-4.78086663367e-05|0.0|0.0
considered|8.31849793183e-05|0.0454545454545|-0.0454545454545
drive|-3.58831767954e-05|0.0714285714286|-0.0714285714286
not,|0.000202066396132|0.02|-0.02
solemnly|4.74885418227e-05|0.0|0.0
salt|-4.7915374508e-05|0.0|0.0
walking|0.000166476666808|-0.0555555555556|0.0555555555556
otherwise|3.55897293242e-05|0.0714285714286|-0.0714285714286
honour,|-4.78086663367e-05|0.0|0.0
show|1.16053650273e-05|0.0454545454545|-0.0454545454545
while,|0.000130780229312|-0.0333333333333|0.0333333333333
bright|0.000202066396132|-0.02|0.02
corner|-0.000178989051292|-0.0263157894737|0.0263157894737
We|-4.78086663367e-05|0.5|-0.5
tears|5.92272920642e-05|-0.0333333333333|0.0333333333333
going|0.000653767761347|0.005|-0.005
passing|-4.78086663367e-05|0.0|0.0
seen,|-4.78086663367e-05|0.0|0.0
get|0.00114127227223|0.00392772977219|-0.00392772977219
state|-8.35851349608e-05|-0.0454545454545|0.0454545454545
nearly|0.000249474906826|0.0333333333333|-0.0333333333333
reading|4.74885418227e-05|0.0|0.0
morning|-0.000274392967622|0.0555555555556|-0.0555555555556
finishing|-1.06708171332e-07|0.0|0.0
where|-0.000895131995757|-0.0305010893246|0.0305010893246
sharply.|-5.3354085666e-08|0.0|0.0
declared|-3.58831767954e-05|-0.0714285714286|0.0714285714286
burst|-1.06708171332e-07|0.0|0.0
sharply,|-1.06708171332e-07|0.0|0.0
wonder|0.000380441875438|0.0|0.0
come,|-2.13416342664e-07|0.0|0.0
knocked.|-5.3354085666e-08|0.0|0.0
That|-7.18197076764e-05|0.15|-0.15
jumped|0.000106875896144|0.0294117647059|-0.0294117647059
behind|0.000308942292276|-0.047619047619|0.047619047619
man,|-0.000357924748497|0.0|0.0
across|2.33441152689e-05|-0.061919504644|0.061919504644
whispered|9.50037606883e-05|0.104761904762|-0.104761904762
declare,|-1.06708171332e-07|0.0|0.0
killing|-1.06708171332e-07|0.0|0.0
come|-2.57717261667e-05|0.0266516516517|-0.0266516516517
blame|-1.06708171332e-07|0.0|0.0
moon,|-9.55106245021e-05|0.0|0.0
many|-4.88223939644e-05|-0.0496894409938|0.0496894409938
quiet|-3.59898849667e-05|0.0454545454545|-0.0454545454545
But,|7.13395209054e-05|0.5|-0.5
follows|3.55897293242e-05|-0.0714285714286|0.0714285714286
personal|4.74885418227e-05|0.0|0.0
loudly|4.74885418227e-05|0.0|0.0
way,|0.000202066396132|0.02|-0.02
expression|-3.58831767954e-05|-0.0714285714286|0.0714285714286
can't|0.000856341021293|0.0132890365449|-0.0132890365449
among|0.000189714073905|0.0253658536585|-0.0253658536585
within|-0.000238616498998|0.0|0.0
side,|-3.6096593138e-05|-0.0333333333333|0.0333333333333
stretched|-2.13416342664e-07|0.0|0.0
couldn't|0.000344958854286|-0.0151515151515|0.0151515151515
But|-0.000335007465914|0.167550371156|-0.167550371156
mark|-5.98408640494e-05|-0.0384615384615|0.0384615384615
hardly|0.000308942292276|0.0|0.0
direction|-7.17396765479e-05|-0.032967032967|0.032967032967
thousand|-3.59898849667e-05|0.0454545454545|-0.0454545454545
those|-2.48113526247e-05|0.0263157894737|-0.0263157894737
case|-4.81021138079e-05|0.00701754385965|-0.00701754385965
myself|-0.000429531039831|0.0|0.0
closed|1.17120731987e-05|0.0714285714286|-0.0714285714286
these|-0.00138445054555|0.0408575423334|-0.0408575423334
life;|-8.35851349608e-05|-0.0454545454545|0.0454545454545
life!|-5.3354085666e-08|0.0|0.0
life.|-3.58831767954e-05|0.0|0.0
life,|-0.000441456529372|0.0333333333333|-0.0333333333333
engaged|-4.78086663367e-05|0.0|0.0
person,|-0.000107436114043|0.0384615384615|-0.0384615384615
middle|-4.79420515509e-05|0.0940170940171|-0.0940170940171
sudden|-3.6256655395e-05|0.0714285714286|-0.0714285714286
heels|-1.06708171332e-07|0.0|0.0
"How|-4.78086663367e-05|0.0|0.0
different|1.1498656856e-05|0.0333333333333|-0.0333333333333
little,|7.12861668197e-05|-0.1|0.1
same|0.000105702106259|0.047288776797|-0.047288776797
speech|-1.06708171332e-07|0.0|0.0
I,|-0.000202840030374|0.0714285714286|-0.0714285714286
I.|-3.58298227097e-05|0.0|0.0
way.|-2.40110413397e-05|0.0|0.0
I|-0.00861796561692|0.0188958914949|-0.0188958914949
IT|-4.78086663367e-05|0.0|0.0
running|0.000225757312958|-0.0161290322581|0.0161290322581
changing|4.74885418227e-05|0.0|0.0
It|-0.00050175090315|0.276363636364|-0.276363636364
without|0.000224316752645|-0.000891265597148|0.000891265597148
comes|-0.000238616498998|0.0|0.0
bottle|0.000202066396132|-0.02|0.02
In|-0.000143372644924|0.0181818181818|-0.0181818181818
hid|-1.06708171332e-07|0.0|0.0
If|-0.000131393801297|0.25|-0.25
being|0.000475125511613|-0.0513402998637|0.0513402998637
when|-0.000184297782815|0.01315135355|-0.01315135355
rest|0.000202066396132|-0.06|0.06
rule,|-4.78086663367e-05|0.0|0.0
touch|-0.000119361603585|-0.0714285714286|0.0714285714286
asleep,|4.74885418227e-05|0.0|0.0
blow|-3.59898849667e-05|0.0454545454545|-0.0454545454545
thinking|0.000320974489989|-0.0454545454545|0.0454545454545
seems|-0.000143452676053|0.135384615385|-0.135384615385
except|-1.2298968141e-05|0.0380952380952|-0.0380952380952
either,|4.74885418227e-05|0.0|0.0
loudly.|-5.3354085666e-08|0.0|0.0
struck|-0.000357978102583|0.0|0.0
read|-1.28325089977e-05|-0.0436974789916|0.0436974789916
dark|-0.00014342599901|0.0|0.0
sight,|0.000118881416814|-0.0714285714286|0.0714285714286
dare|0.000130780229312|0.0333333333333|-0.0333333333333
piece|0.000142679041811|0.0625|-0.0625
London|-0.00021471216583|-0.4|0.4
either|0.000118774708642|-0.0555555555556|0.0555555555556
all.|4.75418959084e-05|0.0|0.0
opened,|-1.06708171332e-07|0.0|0.0
learning|2.36909168257e-05|0.0|0.0
'If|0.000428303895861|0.421052631579|-0.421052631579
done,|-8.35851349608e-05|0.0454545454545|-0.0454545454545
o'clock|-4.80220826794e-05|0.0|0.0
knife|-1.06708171332e-07|0.0|0.0
think,|1.17120731987e-05|0.0714285714286|-0.0714285714286
felt|0.000356084032542|-0.00865800865801|0.00865800865801
business|-0.000381802404623|-0.0842490842491|0.0842490842491
broken|-0.000131687248769|-0.0263157894737|0.0263157894737
throw|2.35308545687e-05|0.0|0.0
on|-0.000345038034019|-0.0542936437367|0.0542936437367
of|-0.0162336832486|-0.0281880454619|0.0281880454619
stand|3.53763129815e-05|0.0333333333333|-0.0333333333333
home;|-3.58831767954e-05|0.0714285714286|-0.0714285714286
mixed|4.74885418227e-05|0.0|0.0
mean|0.000166289927508|0.0254545454545|-0.0254545454545
out,|0.000237149261642|0.00632511068944|-0.00632511068944
or|0.000482782674301|0.0117566643882|-0.0117566643882
out.|2.37442709114e-05|0.0|0.0
liked,|3.55897293242e-05|-0.0714285714286|0.0714285714286
quietly|9.49770836454e-05|0.0|0.0
burning|-1.06708171332e-07|0.0|0.0
No|-1.06708171332e-07|0.0|0.0
shock|-1.06708171332e-07|0.0|0.0
March,|-1.06708171332e-07|0.0|0.0
begged|-1.06708171332e-07|0.0|0.0
your|-8.82002633709e-05|0.0130496192582|-0.0130496192582
appeared,|8.31849793183e-05|0.0454545454545|-0.0454545454545
her|0.00704284317811|-0.0230080245064|0.0230080245064
there|-0.000397062524518|0.0257575757576|-0.0257575757576
low|0.000154471146138|-0.0714285714286|0.0714285714286
you,|0.000439429074117|0.0161290322581|-0.0161290322581
enough|7.05925637061e-05|0.0222222222222|-0.0222222222222
you?|2.37442709114e-05|0.0|0.0
white,|-3.58831767954e-05|-0.0714285714286|0.0714285714286
with|-0.00313867044662|0.017873714513|-0.017873714513
longer|-5.98408640494e-05|0.115384615385|-0.115384615385
they're|0.000368756479283|-0.0142857142857|0.0142857142857
wasn't|0.000428250541775|0.0|0.0
are,|4.74885418227e-05|0.0|0.0
They|9.48170213884e-05|0.0779220779221|-0.0779220779221
stand,|-1.06708171332e-07|0.0|0.0
gone|-7.24332796616e-05|-0.00699300699301|0.00699300699301
taste|4.74885418227e-05|0.0|0.0
certain|-0.000286425165335|0.125|-0.125
am|-0.000549692954701|0.125|-0.125
deep|0.000106875896144|-0.0294117647059|0.0294117647059
general|8.31849793183e-05|-0.0454545454545|0.0454545454545
How|0.000225944052258|0.25|-0.25
as|0.00141275829358|-0.0142166912196|0.0142166912196
words,|-4.78086663367e-05|0.0|0.0
at|0.00141537264378|-0.0105529391244|0.0105529391244
watched|-1.21122288412e-05|0.0714285714286|-0.0714285714286
again|-0.000323268715672|-0.0141666666667|0.0141666666667
back,|-6.00276033492e-05|0.0333333333333|-0.0333333333333
field|-3.58831767954e-05|-0.0714285714286|0.0714285714286
instantly|3.54830211529e-05|-0.0454545454545|0.0454545454545
you|0.00311556897892|0.00704225352113|-0.00704225352113
really|0.000118294521871|0.0|0.0
At|-0.00013160721764|0.375|-0.375
oh,|8.31849793183e-05|-0.0454545454545|0.0454545454545
inquired|-8.35851349608e-05|0.0454545454545|-0.0454545454545
important|9.50837918168e-05|0.0|0.0
unless|-9.55106245021e-05|0.0|0.0
tricks|-1.06708171332e-07|0.0|0.0
having|0.000332953333616|-0.0277777777778|0.0277777777778
week|-0.000167170269922|0.0454545454545|-0.0454545454545
once|-0.000645603734845|-0.0202423378475|0.0202423378475
all|0.00298046621728|0.00973515321341|-0.00973515321341
forget|4.74885418227e-05|0.0|0.0
pointing|2.35842086544e-05|0.1|-0.1
caused|4.74885418227e-05|0.0|0.0
crept|-1.06708171332e-07|0.0|0.0
month|-1.06708171332e-07|0.0|0.0
follow|-8.35851349608e-05|0.0454545454545|-0.0454545454545
children|0.000130673521141|0.0263157894737|-0.0263157894737
WAS|8.30782711469e-05|0.0333333333333|-0.0333333333333
laid|-0.000322201633959|-0.0142857142857|0.0142857142857
to|6.63543194756e-05|-0.010191800093|0.010191800093
present|-8.35851349608e-05|0.0454545454545|-0.0454545454545
sound|3.54830211529e-05|0.0454545454545|-0.0454545454545
worse|-2.13416342664e-07|0.0|0.0
sitting|0.000142305563211|0.0555555555556|-0.0555555555556
very|0.00245785216384|0.00378874856487|-0.00378874856487
song|-1.06708171332e-07|0.0|0.0
fall|0.000130593490012|0.0|0.0
I'm|0.00128480497941|0.0745762711864|-0.0745762711864
common|-0.000143212582667|0.0|0.0
dreamed|-1.06708171332e-07|0.0|0.0
broken.|-5.3354085666e-08|0.0|0.0
joined|-2.13416342664e-07|0.0|0.0
startled|3.55897293242e-05|-0.0714285714286|0.0714285714286
large|0.000939312584269|-0.0520146520147|0.0520146520147
form|-1.06708171332e-07|0.0|0.0
small|-8.43320921601e-05|0.0128205128205|-0.0128205128205
ten|-7.20864781047e-05|-0.0384615384615|0.0384615384615
past|-7.16596454194e-05|0.0|0.0
answer,|-4.78086663367e-05|0.0|0.0
answer.|-2.39043331684e-05|0.0|0.0
further|-0.000131287093126|0.0333333333333|-0.0333333333333
ourselves,|-1.06708171332e-07|0.0|0.0
returned|-0.00096607136102|-0.0647058823529|0.0647058823529
what|0.000863651382424|-0.00178519533358|0.00178519533358
darkness|-0.000131287093126|-0.0333333333333|0.0333333333333
clock|-1.06708171332e-07|0.0|0.0
deeply|-0.000143212582667|0.0|0.0
paper.|-2.39043331684e-05|0.0|0.0
him,|-0.000548972674544|0.0251366120219|-0.0251366120219
cries|-4.78086663367e-05|0.0|0.0
full|-3.63366865235e-05|0.0297619047619|-0.0297619047619
directions|-1.06708171332e-07|0.0|0.0
search|-1.06708171332e-07|0.0|0.0
extraordinary|4.74885418227e-05|0.0|0.0
narrow|-1.06708171332e-07|0.0|0.0
followed|0.000213805146374|0.0714285714286|-0.0714285714286
family|-9.55106245021e-05|0.0|0.0
suddenly|7.06459177918e-05|0.0|0.0
imagine|-1.06708171332e-07|0.0|0.0
put|0.000629409918451|0.0151515151515|-0.0151515151515
know,|4.70617091374e-05|-0.0333333333333|0.0333333333333
story.|-5.3354085666e-08|0.0|0.0
eye|-0.000131553863554|0.02|-0.02
two|-0.000550386557815|-0.000257997936016|0.000257997936016
taken|-8.38785824319e-05|-0.0333333333333|0.0333333333333
possible|-8.35851349608e-05|-0.0454545454545|0.0454545454545
door|-0.000335167528171|-0.0490780141844|0.0490780141844
knows|4.74885418227e-05|0.0|0.0
line|-1.06708171332e-07|0.0|0.0
So|0.000475632375427|0.128205128205|-0.128205128205
broke|-0.000143292613796|-0.0977443609023|0.0977443609023
particular|-0.000131287093126|0.0333333333333|-0.0333333333333
known|-0.000298243946705|-0.0172413793103|0.0172413793103
hurry|0.000106982604315|0.0384615384615|-0.0384615384615
glad|0.000273352562952|-0.12619047619|0.12619047619
none|-7.18197076764e-05|0.1|-0.1
hour|-0.000214818874001|0.0|0.0
began,|0.000190274291805|0.05|-0.05
besides|-0.000131287093126|-0.0333333333333|0.0333333333333
offended|0.000214071916802|0.0|0.0
remain|-1.06708171332e-07|0.0|0.0
nine|0.000130780229312|0.0333333333333|-0.0333333333333
learn|1.1498656856e-05|0.0333333333333|-0.0333333333333
beautiful|0.000261667166796|0.0|0.0
needn't|8.31849793183e-05|0.0454545454545|-0.0454545454545
fury,|-1.06708171332e-07|0.0|0.0
sense|-0.00025054198854|-0.1|0.1
sharp|0.000214071916802|0.0|0.0
nodded.|-4.7755312251e-05|0.0|0.0
court|-7.20064469762e-05|0.0358056265985|-0.0358056265985
bank,|-1.86739299831e-07|0.0|0.0
rather|0.000498389595753|-0.0151802656546|0.0151802656546
footman|7.12861668197e-05|0.0|0.0
tide|-1.06708171332e-07|0.0|0.0
tried|0.000487637896096|-0.030612244898|0.030612244898
suppose|0.000190087552505|-0.010101010101|0.010101010101
fancy,|3.55897293242e-05|0.0714285714286|-0.0714285714286
coming|8.29715629756e-05|-0.0263157894737|0.0263157894737
pleaded|7.12861668197e-05|0.0|0.0
growl|-4.78086663367e-05|0.0|0.0
a|-0.00139490539216|0.0067658679304|-0.0067658679304
short|9.49770836454e-05|0.0|0.0
brown,|-1.06708171332e-07|0.0|0.0
crowded|0.000142679041811|0.0|0.0
loud|4.73818336514e-05|0.0|0.0
pleasure|-2.13416342664e-07|0.0|0.0
dream|5.93073231927e-05|0.0714285714286|-0.0714285714286
playing|4.74885418227e-05|0.0|0.0
that's|0.000356564219313|-0.0222222222222|0.0222222222222
replied|-0.000108503195757|-0.0471698113208|0.0471698113208
What|2.35308545687e-05|0.333333333333|-0.333333333333
would,|-1.06708171332e-07|0.0|0.0
help|0.00015420437571|0.0394265232975|-0.0394265232975
don't|0.00127229259493|-0.0419913419913|0.0419913419913
soon|0.000522854146821|-0.0142857142857|0.0142857142857
held|3.53763129815e-05|-0.0333333333333|0.0333333333333
paper|-0.000167276978093|0.0384615384615|-0.0384615384615
through|-0.000311129809788|-0.0257575757576|0.0257575757576
smiling|-4.7915374508e-05|0.0|0.0
its|0.00118758702417|0.00712678169542|-0.00712678169542
course,|0.000166476666808|-0.0555555555556|0.0555555555556
actually|-1.06708171332e-07|0.0|0.0
late|-0.000119575019927|0.0454545454545|-0.0454545454545
strange|-0.000441669945715|0.0471698113208|-0.0471698113208
remarked|-1.06708171332e-07|0.0|0.0
course;|-1.06708171332e-07|0.0|0.0
might|-0.000121549121097|-0.0569282945736|0.0569282945736
it.|0.000118481261171|0.0|0.0
it,|0.000593126586013|-0.0378863409771|0.0378863409771
good|-0.000538487745316|0.00190694126621|-0.00190694126621
somebody|9.50837918168e-05|0.0|0.0
you,'|0.000190274291805|0.05|-0.05
it!|-2.39043331684e-05|0.0|0.0
it;|-8.42787380744e-05|-0.0135135135135|0.0135135135135
foot|-1.24056763123e-05|-0.0292397660819|0.0292397660819
passage,|-2.13416342664e-07|0.0|0.0
easily|8.31849793183e-05|-0.0454545454545|0.0454545454545
always|0.000118107782572|0.0570824524313|-0.0570824524313
all,|-0.000179175790591|-0.00699300699301|0.00699300699301
stopped|1.16053650273e-05|-0.0454545454545|0.0454545454545
eager|9.50837918168e-05|0.0|0.0
turns|-1.06708171332e-07|0.0|0.0
found|0.00030784853352|-0.00380469245403|0.00380469245403
all;|3.55897293242e-05|-0.0714285714286|0.0714285714286
isn't|0.000154471146138|-0.0238095238095|0.0238095238095
heavy|-0.000143319290839|0.0|0.0
harm|-1.06708171332e-07|0.0|0.0
solemnly.|-5.3354085666e-08|0.0|0.0
house|-0.000322708497773|-0.0740740740741|0.0740740740741
hard|0.000106582448673|-0.0263157894737|0.0263157894737
idea|0.00039236736498|-0.0227272727273|0.0227272727273
house,|4.69550009661e-05|0.00595238095238|-0.00595238095238
roof.|-5.3354085666e-08|0.0|0.0
late,|-1.06708171332e-07|0.0|0.0
leave|8.29715629756e-05|-0.0263157894737|0.0263157894737
dreadful|-8.35851349608e-05|0.0454545454545|-0.0454545454545
wondered|-1.06708171332e-07|0.0|0.0
smaller,|8.31849793183e-05|0.0454545454545|-0.0454545454545
since|-0.000191234665347|0.0|0.0
low.|-2.39043331684e-05|0.0|0.0
upon|-0.00118299772141|-0.0410590485298|0.0410590485298
story|-0.000131393801297|-0.0263157894737|0.0263157894737
pleasant|-4.78086663367e-05|0.0|0.0
difficulty|7.12861668197e-05|0.0|0.0
tale,|-4.78086663367e-05|0.0|0.0
ask|-8.41186758174e-05|-0.0994623655914|0.0994623655914
pairs|-1.06708171332e-07|0.0|0.0
leading|-1.06708171332e-07|0.0|0.0
fallen|2.35041775259e-05|0.0839160839161|-0.0839160839161
sure;|-9.55106245021e-05|0.0|0.0
slipped|4.74885418227e-05|0.0|0.0
feel|0.000154311083881|-0.0185185185185|0.0185185185185
been,|-1.06708171332e-07|0.0|0.0
number|4.74085106942e-05|-0.025974025974|0.025974025974
fancy|-2.4117749511e-05|0.0|0.0
feet|0.000380655291781|0.0|0.0
done|0.000142118823911|-0.0335135135135|0.0335135135135
guess|4.74885418227e-05|0.0|0.0
suddenly,|-4.78086663367e-05|0.0|0.0
flock|-1.06708171332e-07|0.0|0.0
twenty|-9.55106245021e-05|0.0|0.0
least|-4.8395561279e-05|0.1|-0.1
suddenly:|4.74885418227e-05|0.0|0.0
passed|-8.38785824319e-05|0.0787878787879|-0.0787878787879
beloved|-1.06708171332e-07|0.0|0.0
hundred|-0.00016706356175|0.0555555555556|-0.0555555555556
suppose,|-0.00016706356175|0.0|0.0
bowed|9.50837918168e-05|0.0|0.0
relieved|-9.55106245021e-05|0.0|0.0
immediate|-1.06708171332e-07|0.0|0.0
procession|-1.21122288412e-05|-0.0714285714286|0.0714285714286
believe|2.30773448405e-05|0.0753512132822|-0.0753512132822
kind|7.10460734342e-05|0.0404858299595|-0.0404858299595
grew|-0.000178989051292|0.0263157894737|-0.0263157894737
kindly|-1.06708171332e-07|0.0|0.0
double|-8.35851349608e-05|0.0454545454545|-0.0454545454545
grey|-1.06708171332e-07|0.0|0.0
hot,|-1.06708171332e-07|0.0|0.0
declare|-8.35851349608e-05|0.0454545454545|-0.0454545454545
lie|-5.97875099637e-05|0.0454545454545|-0.0454545454545
lit|-1.06708171332e-07|0.0|0.0
window,|7.11794586484e-05|-0.0714285714286|0.0714285714286
day.|2.37442709114e-05|0.0|0.0
With|-2.40643954254e-05|0.3|-0.3
understand.|-5.3354085666e-08|0.0|0.0
play|0.000261667166796|-0.0384615384615|0.0384615384615
added|0.000546838511118|0.0121457489879|-0.0121457489879
reach|9.49770836454e-05|0.0|0.0
most|-0.000477766538853|0.046218487395|-0.046218487395
eaten|-1.06708171332e-07|0.0|0.0
nothing|0.000129232960828|0.0181175430844|-0.0181175430844
The|8.98017373358e-05|0.155869872702|-0.155869872702
clear|-2.13416342664e-07|0.0|0.0
sometimes|-0.000107729561515|-0.0333333333333|0.0333333333333
quarrel|-1.06708171332e-07|0.0|0.0
clean|-8.35851349608e-05|0.0454545454545|-0.0454545454545
usual|-4.78086663367e-05|0.0|0.0
cannot|-0.000644083143404|0.0689655172414|-0.0689655172414
lying|8.27581466329e-05|0.0185185185185|-0.0185185185185
fond|8.31849793183e-05|0.0454545454545|-0.0454545454545
me?|-5.3354085666e-08|0.0|0.0
fine|-3.59898849667e-05|0.0454545454545|-0.0454545454545
find|0.000308515459591|-0.020474137931|0.020474137931
with,|-1.06708171332e-07|0.0|0.0
with.|-5.3354085666e-08|0.0|0.0
French|9.50837918168e-05|0.0|0.0
with;|-1.06708171332e-07|0.0|0.0
lazily|-1.06708171332e-07|0.0|0.0
his|-0.00678234809841|0.0245257989491|-0.0245257989491
rose|-8.35851349608e-05|0.0454545454545|-0.0454545454545
capital|4.73818336514e-05|0.0|0.0
courage|-4.78086663367e-05|0.0|0.0
shared|-0.000131287093126|0.0333333333333|-0.0333333333333
him|-0.00174322895942|-0.0218846694796|0.0218846694796
chimney|-1.21122288412e-05|-0.0714285714286|0.0714285714286
cold|-0.000178989051292|0.0263157894737|-0.0263157894737
Suddenly|-5.3354085666e-08|0.0|0.0
cry|-2.93447471163e-07|-0.0909090909091|0.0909090909091
kill|-1.06708171332e-07|0.0|0.0
set|-0.000382816132251|0.0046176046176|-0.0046176046176
For|0.000225730635915|0.283653846154|-0.283653846154
mischief,|-1.06708171332e-07|0.0|0.0
see|9.18025155483e-05|0.00950714494022|-0.00950714494022
are|5.64262025668e-05|0.0134057971014|-0.0134057971014
close|0.000130166657327|0.0974658869396|-0.0974658869396
arm|0.000249688323169|0.0714285714286|-0.0714285714286
feared|-4.78086663367e-05|0.0|0.0
various|-1.06708171332e-07|0.0|0.0
wide|-1.06708171332e-07|0.0|0.0
Oh,|1.17654272843e-05|0.0|0.0
both|3.44426164824e-05|-0.0506382978723|0.0506382978723
head,|4.74085106942e-05|0.025974025974|-0.025974025974
last|-0.000168930954748|0.0233415233415|-0.0233415233415
wouldn't|0.000452048166772|-0.0238095238095|0.0238095238095
became|-0.000191021249004|0.0|0.0
forgotten|0.000154471146138|0.0238095238095|-0.0238095238095
clasped|-1.06708171332e-07|0.0|0.0
however,|-4.82888531077e-05|0.0454545454545|-0.0454545454545
whole|0.000249448229783|0.00337837837838|-0.00337837837838
knee,|8.31849793183e-05|0.0454545454545|-0.0454545454545
knew,|-1.06708171332e-07|0.0|0.0
simple|0.000166476666808|-0.0555555555556|0.0555555555556
others|2.3477500483e-05|-0.0714285714286|0.0714285714286
silence.|7.13395209054e-05|0.0|0.0
whatever|-0.00016706356175|0.0|0.0
silence,|-2.13416342664e-07|0.0|0.0
simply|4.74885418227e-05|0.0|0.0
there,|-9.55106245021e-05|0.0|0.0
open,|-8.35851349608e-05|-0.0454545454545|0.0454545454545
there.|-1.06708171332e-07|0.0|0.0
My|-0.000190861186747|0.0|0.0
whom|-0.000381722373494|-0.0277777777778|0.0277777777778
dropping|-4.78086663367e-05|0.0|0.0
collected|4.74885418227e-05|0.0|0.0
meeting|-1.06708171332e-07|0.0|0.0
woke|-9.55106245021e-05|0.0|0.0
character,|-0.000238616498998|0.0|0.0
lived|9.50837918168e-05|0.0|0.0
what's|4.74885418227e-05|0.0|0.0
remark|-3.6096593138e-05|-0.0333333333333|0.0333333333333
else|0.000178162062964|-0.0185185185185|0.0185185185185
reason,|-8.35851349608e-05|0.0454545454545|-0.0454545454545
letter,|8.31849793183e-05|-0.0454545454545|0.0454545454545
look|0.000451034439144|0.072619047619|-0.072619047619
well,|-0.000155138072209|-0.0294117647059|0.0294117647059
further:|-1.06708171332e-07|0.0|0.0
straight|-3.59898849667e-05|-0.0454545454545|0.0454545454545
while|0.000153617480767|0.0660377358491|-0.0660377358491
key;|-1.06708171332e-07|0.0|0.0
real|3.54830211529e-05|-0.0454545454545|0.0454545454545
hoping|5.93873543212e-05|-0.0555555555556|0.0555555555556
itself|0.000225810667043|-0.11724137931|0.11724137931
key,|-2.13416342664e-07|0.0|0.0
ready|7.09927193486e-05|0.0380952380952|-0.0380952380952
away,|-0.000131500509469|0.0217391304348|-0.0217391304348
advise|-1.06708171332e-07|0.0|0.0
evidence|9.50837918168e-05|0.0|0.0
used|9.44968968744e-05|0.0113122171946|-0.0113122171946
attempted|-1.06708171332e-07|0.0|0.0
moment|0.000260706793254|0.00161290322581|-0.00161290322581
moving|4.73818336514e-05|0.0|0.0
said:|7.12861668197e-05|-0.1|0.1
changed,|-1.06708171332e-07|0.0|0.0
older|3.55897293242e-05|0.0714285714286|-0.0714285714286
Between|2.37442709114e-05|0.5|-0.5
person|-0.00023872320717|0.0|0.0
edge|5.93873543212e-05|-0.0555555555556|0.0555555555556
moment.|-2.39043331684e-05|0.0|0.0
hands;|-1.06708171332e-07|0.0|0.0
shape|-0.000131287093126|-0.0333333333333|0.0333333333333
cut|0.000154497823181|-0.0714285714286|0.0714285714286
pocket|-3.58831767954e-05|0.0714285714286|-0.0714285714286
also|-1.06708171332e-07|0.0|0.0
questions,|-1.06708171332e-07|0.0|0.0
crying|-8.36918431321e-05|0.0333333333333|-0.0333333333333
surprised|-4.8235499022e-05|0.05|-0.05
On|2.3477500483e-05|0.261904761905|-0.261904761905
question,|5.92006150214e-05|0.0454545454545|-0.0454545454545
bit|0.00026161381271|0.0|0.0
distance,|9.50837918168e-05|-0.0833333333333|0.0833333333333
lost|-0.00016706356175|0.0555555555556|-0.0555555555556
OF|2.35308545687e-05|0.0|0.0
"There|-8.36384890464e-05|0.025641025641|-0.025641025641
table,|2.33974693545e-05|-0.0627450980392|0.0627450980392
often|-0.000286505196463|0.0597402597403|-0.0597402597403
last,|-0.00015543151968|-0.0285714285714|0.0285714285714
some|-7.57945870585e-05|0.0481417953116|-0.0481417953116
back|5.71998368089e-05|-0.00805008944544|0.00805008944544
understood|-4.78086663367e-05|0.0|0.0
hurriedly|4.74885418227e-05|0.0|0.0
sight|-0.000167170269922|0.0|0.0
candle|-7.17396765479e-05|0.10989010989|-0.10989010989
pale|-8.36918431321e-05|-0.0333333333333|0.0333333333333
savage|9.50837918168e-05|0.0|0.0
shall|-0.000359445339939|-0.0337941628264|0.0337941628264
completely.|-5.3354085666e-08|0.0|0.0
be|0.000334821578009|0.0325552360775|-0.0325552360775
father;|-1.06708171332e-07|0.0|0.0
run|-3.20124513996e-07|0.0|0.0
remembered|9.49770836454e-05|-0.125|0.125
sigh.|-5.3354085666e-08|0.0|0.0
O|-1.06708171332e-07|0.0|0.0
refused|-1.06708171332e-07|0.0|0.0
kitchen,|-1.06708171332e-07|0.0|0.0
nowhere|2.36909168257e-05|0.0|0.0
by|-0.00229438915148|-0.00839920948617|0.00839920948617
anything|0.000487531187925|0.00943396226415|-0.00943396226415
wore|-0.00016706356175|0.0|0.0
regular|4.74885418227e-05|0.0|0.0
into|0.00026900420497|-0.0292929292929|0.0292929292929
lesson|-4.78086663367e-05|0.0|0.0
sad|-2.13416342664e-07|0.0|0.0
question|0.000202066396132|0.02|-0.02
live|0.000202066396132|-0.02|0.02
long|6.89385870504e-05|-0.0184117125111|0.0184117125111
himself|-0.000632451101334|-0.0480392156863|0.0480392156863
day;|-1.06708171332e-07|0.0|0.0
alive|-1.06708171332e-07|0.0|0.0
upright|-4.78086663367e-05|0.0|0.0
raising|-1.06708171332e-07|0.0|0.0
I'll|0.000892304229217|-0.0189873417722|0.0189873417722
up|0.00149596909854|-0.00675874228622|0.00675874228622
us|-0.000132114081454|0.0142857142857|-0.0142857142857
accustomed|-7.16596454194e-05|-0.1|0.1
called|0.000368329646597|0.0490196078431|-0.0490196078431
side.|-1.06708171332e-07|0.0|0.0
smile.|-5.3354085666e-08|0.0|0.0
knowledge.|-5.3354085666e-08|0.0|0.0
occasional|-1.06708171332e-07|0.0|0.0
These|-2.13416342664e-07|0.5|-0.5
name,|-4.78086663367e-05|0.0|0.0
draw|9.49770836454e-05|0.0|0.0
AT|-4.78086663367e-05|0.0|0.0
smiled|-3.59898849667e-05|0.0454545454545|-0.0454545454545
sides|4.73551566086e-05|-0.017094017094|0.017094017094
ago|-0.00016706356175|0.0555555555556|-0.0555555555556
land|-1.06708171332e-07|0.0|0.0
age|4.74885418227e-05|0.0|0.0
walked|0.000106475740501|-0.115489130435|0.115489130435
An|5.93873543212e-05|0.222222222222|-0.222222222222
As|0.000177975323664|0.15479876161|-0.15479876161
neighbouring|-8.35851349608e-05|0.0454545454545|-0.0454545454545
came|0.000282823764553|-0.00879137680605|0.00879137680605
far|-0.000227517997785|-0.0142857142857|0.0142857142857
sounded|0.000190274291805|0.0|0.0
go|0.000867306137293|-0.0143860823018|0.0143860823018
seemed|-7.36070695462e-05|0.0172117039587|-0.0172117039587
comfort,|-1.06708171332e-07|0.0|0.0
young|2.33974693545e-05|0.00392156862745|-0.00392156862745
send|-1.06708171332e-07|0.0|0.0
nose|-1.06708171332e-07|0.0|0.0
sent|-0.000191021249004|0.0|0.0
garden|0.000118881416814|-0.0714285714286|0.0714285714286
wind,|-7.17129995051e-05|0.0|0.0
more:|-1.06708171332e-07|0.0|0.0
putting|4.73818336514e-05|0.0|0.0
more,|4.72751254801e-05|0.0|0.0
more.|-5.3354085666e-08|0.0|0.0
continued|-2.44645510679e-05|0.00521739130435|-0.00521739130435
part|-0.000536753737532|-0.0714285714286|0.0714285714286
No,|1.17120731987e-05|0.0|0.0
quietly,|-1.06708171332e-07|0.0|0.0
Here|2.35308545687e-05|0.333333333333|-0.333333333333
us,|4.74885418227e-05|0.0|0.0
other,|-9.58040719733e-05|-0.0347826086957|0.0347826086957
means,|-1.06708171332e-07|0.0|0.0
odd|-0.000131287093126|0.0333333333333|-0.0333333333333
that,|-0.000346346060513|-0.015350877193|0.015350877193
passion.|-5.3354085666e-08|0.0|0.0
giving|3.55897293242e-05|0.0714285714286|-0.0714285714286
Ah,|-2.39043331684e-05|0.0|0.0
Now|-1.06708171332e-07|0.0|0.0
waiting|0.000261667166796|0.0|0.0
experiment|-9.55106245021e-05|0.0|0.0
large,|-9.55106245021e-05|0.0|0.0
that;|-0.000226691009457|-0.0217391304348|0.0217391304348
bird|-1.06708171332e-07|0.0|0.0
body|-0.000501083977079|0.02|-0.02
melancholy|0.000202173104303|-0.0714285714286|0.0714285714286
led|-0.000286611904635|0.0205128205128|-0.0205128205128
chose|-1.06708171332e-07|0.0|0.0
ear.|4.75418959084e-05|0.0|0.0
busy|-1.06708171332e-07|0.0|0.0
let|-0.000251102206439|-0.00173913043478|0.00173913043478
great|0.000318760295434|0.00659398628451|-0.00659398628451
yourself|0.000142572333639|0.0|0.0
leaving|-1.06708171332e-07|0.0|0.0
added,|-2.93447471163e-07|0.0|0.0
makes|0.000356857666784|-0.0294117647059|0.0294117647059
toss|-1.06708171332e-07|0.0|0.0
addressed|-2.13416342664e-07|0.0|0.0
singing|4.74885418227e-05|0.0|0.0
standing|-4.78086663367e-05|0.0|0.0
use|0.000392340687937|-0.0333333333333|0.0333333333333
from|-0.00268614294447|-0.00942152392463|0.00942152392463
Presently|2.36909168257e-05|0.333333333333|-0.333333333333
next|0.000189047147835|0.0145454545455|-0.0145454545455
few|-9.60975194444e-05|0.0203619909502|-0.0203619909502
doubt|-0.000178989051292|0.0263157894737|-0.0263157894737
explanation;|-1.06708171332e-07|0.0|0.0
sort|0.000368436354769|0.0119680851064|-0.0119680851064
started|1.17120731987e-05|-0.0714285714286|0.0714285714286
inclined|-8.35851349608e-05|-0.0454545454545|0.0454545454545
about|0.00188857655691|0.0142535211268|-0.0142535211268
sir,|-0.000632371070205|0.00769230769231|-0.00769230769231
carrying|-4.7915374508e-05|0.0|0.0
ashamed|-1.20855517983e-05|-0.0714285714286|0.0714285714286
haste,|-1.06708171332e-07|0.0|0.0
account|-1.06708171332e-07|0.0|0.0
this|-0.000794578558765|0.0264493831212|-0.0264493831212
anger,|-4.78086663367e-05|0.0|0.0
crossed|2.35308545687e-05|-0.1|0.1
meet|-3.59898849667e-05|0.0454545454545|-0.0454545454545
plate|4.74885418227e-05|0.0|0.0
high|-0.000179175790591|0.0839160839161|-0.0839160839161
high,|5.93873543212e-05|0.0555555555556|-0.0555555555556
bones|-1.06708171332e-07|0.0|0.0
wonderful|4.74885418227e-05|0.0|0.0
sit|-3.6256655395e-05|0.0238095238095|-0.0238095238095
six|-4.7915374508e-05|0.0|0.0
animal|-4.78086663367e-05|0.0|0.0
instead|-8.36651660893e-05|0.0|0.0
trees|0.000142679041811|-0.125|0.125
courage,|-1.06708171332e-07|0.0|0.0
trembling|0.000106769187973|-0.0238095238095|0.0238095238095
chief|-5.97341558781e-05|0.0555555555556|-0.0555555555556
dinner,|-1.06708171332e-07|0.0|0.0
furious|-1.06708171332e-07|0.0|0.0
existence;|-1.06708171332e-07|0.0|0.0
hand,|-0.000143639415353|-0.03125|0.03125
hand.|-3.58298227097e-05|0.0|0.0
move|4.74885418227e-05|0.0|0.0
won't|0.000690024416742|-0.0322580645161|0.0322580645161
him.|-0.000214765519916|0.0|0.0
about.|-5.3354085666e-08|0.0|0.0
asking|-3.20124513996e-07|0.0|0.0
master,|-0.000107436114043|0.0384615384615|-0.0384615384615
court.|1.181878137e-05|0.0|0.0
crash|-1.06708171332e-07|0.0|0.0
tiptoe,|4.74885418227e-05|0.0|0.0
hands|-0.000239070008726|-0.0116144018583|0.0116144018583
day|-3.67901962517e-05|0.01026957638|-0.01026957638
least,|-3.58831767954e-05|0.0714285714286|-0.0714285714286
accounts|-1.06708171332e-07|0.0|0.0
raised|-8.36918431321e-05|-0.0333333333333|0.0333333333333
(the|-1.06708171332e-07|0.0|0.0
doing|4.73818336514e-05|0.0|0.0
dreaming|-1.06708171332e-07|0.0|0.0
Next|1.18454584128e-05|0.0|0.0
measure|-1.06708171332e-07|0.0|0.0
our|-0.000120001852613|0.0263157894737|-0.0263157894737
out|0.00102978124768|-0.0295566502463|0.0295566502463
morning,|-0.000131393801297|-0.0263157894737|0.0263157894737
time,|-7.20864781047e-05|-0.05|0.05
time.|2.37442709114e-05|0.0|0.0
near.|-5.3354085666e-08|0.0|0.0
cause|-5.98408640494e-05|0.0384615384615|-0.0384615384615
afford|-1.06708171332e-07|0.0|0.0
shut|-0.000119628374013|0.0|0.0
This|4.66348764521e-05|0.238888888889|-0.238888888889
undo|-1.06708171332e-07|0.0|0.0
them,|0.000665906667231|0.0277777777778|-0.0277777777778
things,|-3.59898849667e-05|0.0454545454545|-0.0454545454545
crashed|-1.06708171332e-07|0.0|0.0
could|0.000257665610371|-0.0154220779221|0.0154220779221
times|-9.59908112731e-05|-0.0121212121212|0.0121212121212
disgust,|-1.06708171332e-07|0.0|0.0
plainly|-0.000143212582667|0.0|0.0
pretty|-0.000143212582667|0.0|0.0
QUITE|4.74885418227e-05|0.0|0.0
between|5.90939068501e-05|-0.0333333333333|0.0333333333333
enough;|3.55897293242e-05|-0.0714285714286|0.0714285714286
doesn't|0.000642429166748|-0.0172413793103|0.0172413793103
two,|0.000273459271123|-0.0806451612903|0.0806451612903
sadly|-4.7915374508e-05|0.0|0.0
be,|-1.06708171332e-07|0.0|0.0
Sir,|-2.3957687254e-05|0.166666666667|-0.166666666667
grow|0.000308915615233|0.00683994528044|-0.00683994528044
their|0.000782600566533|0.015406162465|-0.015406162465
enough,|-0.000143319290839|0.0|0.0
perfectly|9.49770836454e-05|0.0|0.0
pale,|4.74885418227e-05|0.0|0.0
handsome|-4.78086663367e-05|0.0|0.0
exactly|0.000166476666808|-0.0555555555556|0.0555555555556
herself|0.00154673891664|-0.0298507462687|0.0298507462687
remember|0.000463946979271|-0.0348837209302|0.0348837209302
succeeded|3.55096981957e-05|0.0285714285714|-0.0285714285714
beg|9.48436984313e-05|0.0622710622711|-0.0622710622711
curiosity.|3.56430834099e-05|0.0|0.0
shoulders,|-1.06708171332e-07|0.0|0.0
curiosity,|-4.7915374508e-05|0.0|0.0
counting|-1.06708171332e-07|0.0|0.0
twelve,|-1.06708171332e-07|0.0|0.0
sea|1.17120731987e-05|0.0714285714286|-0.0714285714286
delay|-4.78086663367e-05|0.0|0.0
you.|-7.16062913337e-05|0.0|0.0
gently|4.73818336514e-05|0.0|0.0
have|-0.00155650271431|0.0349114116975|-0.0349114116975
afraid|0.000225864021129|0.0185185185185|-0.0185185185185
After|5.93873543212e-05|0.222222222222|-0.222222222222
which|-0.00206652435214|0.0119912790698|-0.0119912790698
(she|0.000321161229289|0.0483870967742|-0.0483870967742
indeed.|-5.3354085666e-08|0.0|0.0
who|0.000866452471922|0.00745550745551|-0.00745550745551
business,|-4.78086663367e-05|0.0|0.0
memory,|-4.78086663367e-05|0.0|0.0
alarmed|-1.06708171332e-07|0.0|0.0
why|4.69816780089e-05|0.0402576489533|-0.0402576489533
prove|-1.06708171332e-07|0.0|0.0
liked|-8.37985513034e-05|-0.0263157894737|0.0263157894737
Some|1.18454584128e-05|0.0|0.0
face|-0.000525335111804|-0.0279039584685|0.0279039584685
looked|0.000557163378089|0.021641025641|-0.021641025641
face,|-0.000191181311261|0.0|0.0
you'll|0.000130780229312|0.0333333333333|-0.0333333333333
mournful|-1.06708171332e-07|0.0|0.0
face.|-3.59098538382e-05|0.0|0.0
fact|4.74885418227e-05|0.0|0.0
bring|-0.000131367124255|-0.0714285714286|0.0714285714286
telling|-2.13416342664e-07|0.0|0.0
fear|-0.000286585227592|0.0|0.0
shoes|0.000178375479306|-0.0263157894737|0.0263157894737
nearer|-4.00155642495e-07|0.0|0.0
knowledge|-0.000131287093126|0.0333333333333|-0.0333333333333
should|-0.000192941996088|-0.06875|0.06875
years,|-3.58831767954e-05|-0.0714285714286|0.0714285714286
hope|-4.80220826794e-05|0.0|0.0
meant|9.49770836454e-05|0.0|0.0
means|-3.59898849667e-05|-0.0454545454545|0.0454545454545
act|-8.35851349608e-05|-0.0454545454545|0.0454545454545
words|0.000428063802475|-0.0290135396518|0.0290135396518
THE|0.000130433427755|0.0882352941176|-0.0882352941176
Once|-5.3354085666e-08|0.0|0.0
had,|-1.06708171332e-07|0.0|0.0
houses,|-4.78086663367e-05|0.0|0.0
stuff|-1.06708171332e-07|0.0|0.0
she|0.0148840272294|0.0203376822717|-0.0203376822717
faces|4.74885418227e-05|0.0|0.0
once,|5.92006150214e-05|-0.0795454545455|0.0795454545455
once.|1.18454584128e-05|0.0|0.0
drawing|-9.55106245021e-05|0.0|0.0
end,|-1.06708171332e-07|0.0|0.0
ground,|-1.06708171332e-07|0.0|0.0
pattern|-3.58831767954e-05|-0.0714285714286|0.0714285714286
middle,|7.12861668197e-05|-0.1|0.1
mind,|-0.00015524478038|0.0238095238095|-0.0238095238095
written|0.000106715833887|-0.0217391304348|0.0217391304348
neither|-0.000191021249004|0.0|0.0
asked.|7.11527816056e-05|0.0|0.0
opening|9.50837918168e-05|0.0|0.0
hurrying|-1.06708171332e-07|0.0|0.0
key|2.33974693545e-05|0.00392156862745|-0.00392156862745
puzzled|0.000154577854309|0.0294117647059|-0.0294117647059
staring|8.31849793183e-05|0.0454545454545|-0.0454545454545
him;|-0.000214765519916|0.0|0.0
this:|1.17120731987e-05|-0.0714285714286|0.0714285714286
sharply|-1.06708171332e-07|0.0|0.0
minutes|1.13119175562e-05|-0.0197628458498|0.0197628458498
taking|7.10193963914e-05|0.0|0.0
he's|-4.78086663367e-05|0.0|0.0
swallow|-1.06708171332e-07|0.0|0.0
walk|-8.39052594747e-05|-0.0217391304348|0.0217391304348
together,|-4.78086663367e-05|0.0|0.0
table|0.000166289927508|-0.105454545455|0.105454545455
appeared|-7.18730617621e-05|-0.0555555555556|0.0555555555556
it's|0.000748771522036|0.0157894736842|-0.0157894736842
thanked|-1.06708171332e-07|0.0|0.0
immense|-1.06708171332e-07|0.0|0.0
slowly|9.47903443456e-05|-0.0115942028986|0.0115942028986
shoulders|4.74885418227e-05|0.0|0.0
an|-0.00106587698942|-0.0113297555158|0.0113297555158
And|0.000413497285693|0.195483154387|-0.195483154387
thought:|-4.78086663367e-05|0.0|0.0
appearance|-0.000119361603585|0.0|0.0
will|-0.00101569406627|0.0341614906832|-0.0341614906832
wild|-4.7915374508e-05|0.0|0.0
outside,|-1.06708171332e-07|0.0|0.0
"What|-9.56173326734e-05|0.25|-0.25
almost|-0.000131740602854|-0.0238095238095|0.0238095238095
unhappy|-0.000190914540833|0.0|0.0
You|-0.00013160721764|0.175925925926|-0.175925925926
sits|-1.06708171332e-07|0.0|0.0
perhaps|-1.12043579899e-06|-0.0238095238095|0.0238095238095
began|0.000723506659683|-0.115253184219|0.115253184219
digging|-2.13416342664e-07|0.0|0.0
drink|0.000118881416814|-0.0714285714286|0.0714285714286
effect|-1.06708171332e-07|0.0|0.0
off|0.00103402289749|0.0114503816794|-0.0114503816794
well|0.000176881564908|-0.0166666666667|0.0166666666667
Yet|4.74351877371e-05|0.6|-0.6
thought|0.00128293758641|0.0603723404255|-0.0603723404255
position|-0.000131367124255|0.0714285714286|-0.0714285714286
lest|-9.55106245021e-05|0.0|0.0
cried|0.000380068396839|0.0477453580902|-0.0477453580902
less|-0.000465387539584|0.0454545454545|-0.0454545454545
front|-1.20855517983e-05|-0.0714285714286|0.0714285714286
distant|3.55897293242e-05|-0.0714285714286|0.0714285714286
tea-things|-3.58831767954e-05|0.0714285714286|-0.0714285714286
Be|-5.3354085666e-08|0.0|0.0
work,|-9.55106245021e-05|0.0|0.0
tight|-1.06708171332e-07|0.0|0.0
size:|4.73818336514e-05|0.0|0.0
book|8.31849793183e-05|-0.0454545454545|0.0454545454545
wet|-1.06708171332e-07|0.0|0.0
reason|0.000154284406838|-0.104761904762|0.104761904762
Five|2.37442709114e-05|0.5|-0.5
By|8.32383334039e-05|0.444444444444|-0.444444444444
surprised,|-1.06708171332e-07|0.0|0.0
came,|-2.13416342664e-07|0.0|0.0
room.|-5.3354085666e-08|0.0|0.0
room,|-0.000310169436246|0.0|0.0
manners|-1.06708171332e-07|0.0|0.0
five|-4.78086663367e-05|0.0|0.0
know|0.000366168806128|0.0043504350435|-0.0043504350435
moment,|-0.000215138998515|0.0|0.0
immediately|7.12861668197e-05|0.0|0.0
like|0.000590112080173|-0.00583578484131|0.00583578484131
crawled|-1.06708171332e-07|0.0|0.0
lose|-1.06708171332e-07|0.0|0.0
become|9.49770836454e-05|0.0625|-0.0625
poor|0.000486997647068|0.00684931506849|-0.00684931506849
because|0.000130086626199|-0.0211382113821|0.0211382113821
hair|0.000130673521141|0.0263157894737|-0.0263157894737
home|-0.00016706356175|0.0|0.0
before,|0.000320947812946|0.0128205128205|-0.0128205128205
indeed,|-0.000417498842118|0.0128205128205|-0.0128205128205
avoid|-1.06708171332e-07|0.0|0.0
kettle|-3.58831767954e-05|0.0714285714286|-0.0714285714286
leap|-9.55106245021e-05|0.0|0.0
does|-0.000119548342885|-0.025974025974|0.025974025974
noise|9.50837918168e-05|0.0|0.0
she,|0.000130780229312|-0.0333333333333|0.0333333333333
carried|-0.000107729561515|0.0333333333333|-0.0333333333333
getting|0.000820911354226|-0.00684931506849|0.00684931506849
himself,|-4.78086663367e-05|0.0|0.0
in.|-4.7755312251e-05|0.0|0.0
other.|-4.77819892939e-05|0.0|0.0
worse.|-2.39043331684e-05|0.0|0.0
own|-0.000966791641177|0.0264976958525|-0.0264976958525
court,|0.000142679041811|-0.125|0.125
aloud;|-1.06708171332e-07|0.0|0.0
Two|-5.3354085666e-08|0.0|0.0
screamed|0.000118881416814|0.0714285714286|-0.0714285714286
court;|-1.06708171332e-07|0.0|0.0
minute,|0.000118881416814|-0.0714285714286|0.0714285714286
First,|8.32383334039e-05|0.222222222222|-0.222222222222
rushed|-1.06708171332e-07|0.0|0.0
noticed|0.000237869541799|0.0|0.0
much|0.000688103669658|-0.0259230164965|0.0259230164965
place,|-4.7915374508e-05|0.0|0.0
interest|-9.55106245021e-05|-0.0833333333333|0.0833333333333
but|-0.00152355401223|0.0234268626328|-0.0234268626328
repeated|0.000285358083622|0.0|0.0
he|-0.00761662550249|-0.0352276503822|0.0352276503822
made|0.000200279034262|0.0308695652174|-0.0308695652174
wise|4.74885418227e-05|0.0|0.0
whether|0.000380575260653|-0.00732600732601|0.00732600732601
wish|0.00043964249046|-0.0384057971014|0.0384057971014
scroll|-1.06708171332e-07|0.0|0.0
eyes;|-1.06708171332e-07|0.0|0.0
this,|0.000403972730007|0.0633116883117|-0.0633116883117
signed|-3.59898849667e-05|0.0454545454545|-0.0454545454545
this.|-5.3354085666e-08|0.0|0.0
placed|-1.06708171332e-07|0.0|0.0
below|-1.06708171332e-07|0.0|0.0
eyes.|-2.39310102112e-05|0.0|0.0
this;|4.74885418227e-05|0.0|0.0
eyes,|-1.24056763123e-05|0.0263157894737|-0.0263157894737
rest,|-1.06708171332e-07|0.0|0.0
rightly|-4.78086663367e-05|0.0|0.0
year|-7.17663535907e-05|0.0714285714286|-0.0714285714286
girl|-2.93447471163e-07|0.0|0.0
garden.|2.37175938685e-05|0.0|0.0
garden,|0.000154577854309|-0.0294117647059|0.0294117647059
accident,|-1.06708171332e-07|0.0|0.0
myself.'|-1.06708171332e-07|0.0|0.0
Never|-2.39043331684e-05|0.0|0.0
other|0.000140838325855|-0.00112812248187|0.00112812248187
branch|-1.06708171332e-07|0.0|0.0
again.|0.000321214583374|0.0|0.0
again,|0.000951291427896|0.0413676656817|-0.0413676656817
gay|-1.06708171332e-07|0.0|0.0
stay|-3.61232701809e-05|-0.0384615384615|0.0384615384615
again;|1.17120731987e-05|0.0714285714286|-0.0714285714286
chance|1.15786879845e-05|0.0384615384615|-0.0384615384615
friends|-0.000131393801297|-0.0263157894737|0.0263157894737
grunted|8.31849793183e-05|0.0454545454545|-0.0454545454545
rule|1.17120731987e-05|-0.0714285714286|0.0714285714286
trial,|-1.06708171332e-07|0.0|0.0
lives|-0.000131287093126|-0.0333333333333|0.0333333333333
